ID,FailureDescription_lang
59,
60,
61,
62,
63,
64,
65,
66,
67,
68,
69,
70,
71,
72,
73,
74,
76,
77,
78,
79,
80,
81,
82,
83,
84,
85,
86,
87,
88,
89,
90,
91,
92,
93,
95,
96,Zul'Aman is only available as a Heroic dungeon.
97,
98,
99,
100,
101,
103,
104,
105,
106,
107,
108,
109,
110,
111,
112,
113,
114,
115,
116,
117,
118,
119,
120,
121,
122,
123,
124,
125,
126,
127,
128,
130,
131,
132,
133,
134,
135,
136,
137,
138,
139,
140,
142,
143,
144,
145,
146,
147,
148,
149,
150,
151,
152,
153,
154,
155,
156,
157,
158,
159,
160,
161,
162,
163,
164,
165,
166,
167,
168,
169,
171,
172,
173,
174,
175,
176,
177,
178,
179,
182,
183,
184,
185,
186,
187,
188,
189,
190,
191,
192,
193,
194,
195,
196,
197,
198,
199,
200,
201,
202,
203,
204,
205,
206,
207,
213,
214,
215,
216,
217,
218,
219,
220,
221,
222,
223,
224,
225,
226,
227,
228,
229,
230,
231,
232,
233,
234,
235,
236,
238,
239,
240,
241,
242,
243,
244,
245,
246,
247,
250,
251,
253,
254,
255,
256,
257,
258,
259,
260,
261,
262,
263,
264,
266,
267,
268,
269,
270,
271,
272,
273,
274,
275,
276,
277,
278,
279,
280,
281,
282,
283,
284,
285,
286,
287,
289,
290,
291,
292,
293,
294,
295,
296,
297,
298,
299,Zul'Gurub is only available as a Heroic dungeon.
300,
301,
302,
303,
304,
305,
306,
307,
308,
309,
310,
311,
312,
313,
314,
316,
317,
319,
320,
321,
322,
323,
324,
325,
326,
327,
328,
329,
330,
331,
332,
333,
334,
335,
336,
337,
338,
339,
340,
344,
345,
347,
348,
349,
350,
351,
352,
353,
355,
356,
357,
358,
359,
360,
362,
363,
364,
365,
366,
367,
371,
373,
377,
378,
382,
383,
385,
386,
389,
393,
394,
453,
454,
456,
457,
461,
462,
463,
464,
465,
466,
468,
469,
470,
471,
475,
476,
477,
478,
479,
480,
481,
482,
483,
484,
485,
486,
487,
488,
489,
490,
492,
493,
494,
495,
496,
497,
498,
499,
500,
501,
502,
503,
504,
505,
506,
507,
508,
509,
510,
511,
513,
514,
515,
516,
517,
519,
520,
521,
522,
523,
524,
525,
526,
527,
528,
529,
530,
532,
533,
534,
535,
536,
537,
538,
539,
540,
541,
542,
543,
544,
545,
546,
547,
548,
549,
550,
555,
556,
557,
558,
559,
560,
561,
562,
563,
564,
565,
566,
567,
568,
571,
573,
574,
575,
576,
577,
578,
579,
580,
581,
582,
583,
584,
585,
586,
587,
588,
589,
590,
591,
592,
593,
594,
600,
601,
602,
603,
604,
605,
606,
607,
608,
609,
610,
611,
612,
613,
614,
615,
616,
617,
618,
619,
620,
621,
622,
623,
624,
625,
626,
627,
628,
629,
630,
631,
632,
633,
634,
635,
636,
637,
638,
639,
640,
641,
642,
643,
644,
645,
646,
647,
648,
649,
650,
651,
652,
653,
654,
655,
656,
657,
658,
659,
660,
661,
662,
663,
664,
665,
666,
667,
668,
669,
670,
671,
672,
673,
674,
675,
676,
677,
678,
679,
680,
681,
682,
683,
684,
685,
686,
687,
688,
689,
690,
691,
692,
693,
694,
695,
696,
697,
698,
699,
700,
701,
702,
703,
704,
705,
706,
707,
708,
709,
710,
711,
712,
713,
714,
715,
716,
717,
718,
719,
720,
721,
722,
723,
724,
725,
726,
727,
728,
729,
730,
731,
732,
733,
734,
735,
736,
737,
738,
739,
740,
741,
742,
743,
744,
745,
746,
747,
748,
749,
750,
751,
752,
753,
754,
759,
760,
761,
762,
763,
764,
765,
766,
767,
768,
769,
770,
771,
772,
773,
774,
775,
776,
777,
778,
779,
780,
781,
782,
784,
785,
786,
787,
788,
789,
790,
791,
792,
793,
796,
797,
798,
799,
800,
801,
802,
803,
804,
805,
806,
807,
808,
809,
810,
811,
812,
813,
814,
815,
816,
817,
1025,
1026,
1027,
1028,
1043,
1044,
1045,
1050,
1051,
1053,
1054,
1057,
1059,
1066,
1067,
1068,
1069,
1071,
1072,
1073,
1074,
1075,
1076,
1077,
1078,
1081,
1082,
1084,
1085,
1088,
1089,
1090,
1091,
1100,
1102,
1103,
1109,
1111,
1112,
1131,
1132,
1133,
1135,
1142,
1144,
1146,
1147,
1155,
1156,
1158,
1159,
1161,
1162,
1163,
1164,
1166,
1170,
1171,
1173,
1174,
1176,
1178,
1180,
1182,
1184,
1185,
1186,
1188,
1189,
1191,
1192,
1193,
1194,
1195,
1196,
1197,
1198,
1199,
1200,
1201,
1202,
1203,
1204,
1205,
1206,
1207,
1208,
1209,
1210,
1211,
1212,
1213,
1214,
1215,
1216,
1217,
1218,
1219,
1220,
1221,
1222,
1223,
1224,
1225,
1226,
1227,
1228,
1229,
1230,
1231,
1232,
1235,
1236,
1237,
1238,
1239,
1240,
1241,
1242,
1243,
1244,
1245,
1246,
1247,
1248,
1249,
1250,
1251,
1252,
1253,
1254,
1255,
1256,
1257,
1258,
1259,
1260,
1261,
1262,
1263,
1265,
1267,
1268,
1269,
1270,
1271,
1273,
1274,
1275,
1276,
1277,
1278,
1279,
1280,
1281,
1282,
1283,
1284,
1285,
1286,
1287,
1288,
1289,
1290,
1291,
1292,
1293,
1294,
1295,
1296,
1297,
1298,
1299,
1300,
1301,
1302,
1303,
1304,
1305,
1306,
1307,
1308,
1309,
1310,
1311,
1312,
1313,
1314,
1315,
1316,
1317,
1318,
1319,
1320,
1321,
1322,
1323,
1324,
1325,
1326,
1327,
1328,
1329,
1331,
1333,
1334,
1335,
1336,
1337,
1338,
1339,
1340,
1342,
1343,
1344,
1345,
1346,
1347,
1348,
1349,
1350,
1351,
1352,
1353,
1354,
1355,
1356,
1357,
1358,
1359,
1360,
1361,
1362,
1363,
1364,
1365,
1367,
1368,
1369,
1371,
1372,
1373,
1374,
1376,
1377,
1379,
1380,
1381,
1384,
1385,
1387,
1388,
1389,
1391,
1392,
1393,
1395,
1396,
1397,
1399,
1400,
1402,
1403,
1405,
1406,
1408,
1409,
1410,
1412,
1413,
1414,
1415,
1416,
1417,
1522,
1524,
1529,
1530,
1531,
1533,
1534,
1535,
1536,
1537,
1538,
1539,
1540,
1541,
1542,
1543,
1544,
1545,
1546,
1547,
1548,
1549,
1550,
1551,
1552,
1555,
1558,
1566,
1567,
1579,
1580,
1581,
1582,
1583,
1584,
1586,
1591,
1592,
1593,
1604,
1606,
1607,
1612,
1613,
1614,
1616,
1617,
1618,
1620,
1621,
1622,
1624,
1625,
1626,
1627,
1628,
1630,
1631,
1633,
1634,
1636,
1642,
1643,
1644,
1647,
1648,
1649,
1650,
1651,
1653,
1654,
1656,
1657,
1658,
1659,
1660,
1661,
1662,
1663,
1664,
1665,
1666,
1667,
1668,
1669,
1670,
1671,
1672,
1673,
1674,
1675,
1676,
1677,
1678,
1679,
1684,
1685,
1686,
1687,
1688,
1689,
1690,
1691,
1692,
1693,
1694,
1695,
1696,
1697,
1698,
1699,
1700,
1701,
1702,
1704,
1705,
1706,
1707,
1708,
1709,
1710,
1712,
1715,
1716,
1718,
1719,
1721,
1722,
1723,
1724,
1725,
1726,
1727,
1728,
1729,
1730,
1731,
1732,
1733,
1734,
1735,
1736,
1737,
1738,
1739,
1740,
1741,
1742,
1743,
1744,
1745,
1746,
1750,
1751,
1752,
1753,
1754,
1755,
1756,
1757,
1758,
1759,
1762,
1763,
1765,
1766,
1767,
1768,
1769,
1770,
1771,
1772,
1777,
1781,
1782,
1791,
1792,
1793,
1800,
1804,
1808,
1809,
1811,
1812,
1813,
1814,
1815,
1816,
1818,
1819,
1820,
1821,
1822,
1823,
1824,
1825,
1828,
1830,
1831,
1832,
1833,
1839,
1840,
1841,
1842,
1843,
1844,
1845,
1846,
1847,
1848,
1849,
1853,
1854,
1856,
1857,
1858,
1859,
1864,
1869,
1870,
1871,
1872,
1873,
1875,
1876,
1877,
1878,
1879,
1881,
1882,
1883,
1884,
1885,
1886,
1887,
1888,
1889,
1891,
1892,
1893,
1894,
1895,
1896,
1897,
1898,
1899,
1900,
1903,
1904,
1905,
1906,
1907,
1909,
1911,
1913,
1915,
1918,
1919,
1920,
1921,
1922,
1924,
1925,
1926,
1927,
1928,
1929,
1930,
1932,
1935,
1938,
1941,
1944,
1947,
1950,
1951,
1952,
1953,
1954,
1957,
1960,
1961,
1962,
1963,
1964,
1965,
1966,
1967,
1968,
1971,
1974,
1975,
1976,
1977,
1978,
1981,
1982,
1983,
1984,
1985,
1988,
1989,
1990,
1999,
2051,
2052,
2053,
2073,
2074,
2075,
2076,
2077,
2078,
2079,
2080,
2081,
2082,
2096,
2097,
2098,
2099,
2100,
2101,
2102,
2103,
2104,
2105,
2120,
2121,
2122,
2123,
2139,
2140,
2142,
2144,
2148,
2151,
2153,
2155,
2157,
2167,
2169,
2171,
2173,
2175,
2176,
2177,
2178,
2179,
2180,
2181,
2182,
2183,
2184,
2226,
2228,
2231,
2233,
2235,
2237,
2239,
2241,
2243,
2245,
2247,
2249,
2251,
2253,
2255,
2257,
2259,
2261,
2263,
2503,
2504,
2505,
2506,
2507,
2508,
2509,
2510,
2511,
2512,
2513,
2514,
2515,
2516,
2517,
2518,
2519,
2520,
2521,
2522,
2523,
2524,
2525,
2526,
2527,
2528,
2529,
2530,
2531,
2532,
2533,
2534,
2606,
2607,
2610,Uldaman: Legacy of Tyr is not yet available.
2611,
2624,
2625,
2626,
2627,
2628,
2629,
2630,
2633,
2634,
2635,
2636,
2637,
2638,
2639,
2640,
2641,
2642,
2643,
2644,
2645,
2646,
2647,
2648,
2649,
2650,
2651,
2652,
2653,
2654,
2655,
2656,
2657,
2658,
2659,
2660,
2661,
2662,
2663,
2664,
2665,
2666,
2667,
2668,
2669,
2670,
2671,
2672,
2673,
2674,
2675,
2676,
2677,
2678,
2679,
2680,
2681,
2682,
2683,
2684,
2685,
2686,
2687,
2688,
2689,
2690,
2691,
2692,
2693,
2694,
2695,
2696,
2697,
2698,
2699,
2700,
2701,
2702,
2703,
2704,
2705,
2706,
2707,
2708,
2709,
2710,
2711,
2712,
2713,
2714,
2715,
2716,
2717,
2718,
2719,
2720,
2721,
2722,
2723,
2724,
2725,
2726,
2727,
2728,
2729,
2730,
2731,
2732,
2733,
2734,
2735,
2736,
2737,
2738,
2739,
2740,
2741,
2742,
2743,
2744,
2745,
2746,
2747,
2748,
2749,
2750,
2751,
2752,
2753,
2754,
2755,
2756,
2757,
2758,
2759,
2760,
2761,
2762,
2763,
2764,
2765,
2766,
2767,
2768,
2769,
2770,
2771,
2772,
2773,
2774,
2775,
2776,
2777,
2778,
2779,
2780,
2781,
2782,
2783,
2784,
2785,
2786,
2787,
2788,
2789,
2790,
2791,
2792,
2793,
2794,
2795,
2796,
2797,
2798,
2799,
2800,
2802,
2804,
2805,
2806,
2807,
2808,
2809,
2810,
2811,
2812,
2813,
2814,
2815,
2816,
2817,
2818,
2819,
2820,
2821,
2822,
2823,
2824,
2825,
2826,
2827,
2828,
2829,
2830,
2831,
2832,
2833,
2834,
2835,
2836,
2837,
2838,
2839,
2840,
2841,
2842,
2843,
2845,
2847,
2848,
2849,
2850,
2852,
2853,
2854,
2855,
2856,
2858,
2860,
2861,
2862,
2863,
2864,
2865,
2866,
2867,
2868,
2870,
2871,
2872,
2873,
2874,
2875,
2876,
2877,
2892,
2893,
2894,
2895,
2896,
2897,
2898,
2899,
2900,
2901,
2905,You have not yet awakened this memory.
2926,
2932,
2933,
2937,
2938,
2939,
3046,
3080,
3081,
3082,
3083,
3084,
3085,
3086,
3087,
3088,
3089,
3090,
3097,
3098,
3099,
3117,
3118,
3119,
3120,
3121,
3123,
3173,
3174,
3175,
3176,
3177,
3179,
3181,
3182,
3183,
3184,
3187,Mythic difficulty is not yet available for this dungeon.
3188,
3190,
3191,
3192,
3193,
3194,
3196,
3201,
3202,
3203,
3204,
3205,
3206,
3208,
3209,
3211,
3212,
3213,
3214,
3215,
3216,
3217,
3218,
3219,
3220,
3221,
3222,
3223,
3224,
3225,
3226,
3227,
3228,
3229,
3230,
3231,
3232,
3233,
3234,
3235,
3236,
3252,
3253,
3254,
3255,
3256,
3257,Mythic difficulty is not yet available.
3258,
3294,
3296,
3307,
3309,
3310,
3311,
3312,
3317,
3318,
3319,
3320,
3321,
3322,
3323,
3324,
3325,
3326,
3327,
3328,
3329,
3330,
3331,
3332,
3333,
3334,
3335,
3347,
3379,
3383,
3384,
3385,
3386,
3387,
3388,
3389,
3390,
3430,
